Date,Sales,Marketing_Spend
2019-01-01,41002.02,3625.28
2019-02-01,43265.35,3459.36
2019-03-01,46171.1,3909.17
2019-04-01,50099.35,3490.56
2019-05-01,56291.28,4659.42
2019-06-01,59109.39,3930.44
2019-07-01,63755.01,4062.3
2019-08-01,66433.71,5152.88
2019-09-01,58983.4,4294.03
2019-10-01,54463.86,4428.59
2019-11-01,65095.96,6376.67
2019-11-01,65095.96,6376.67
2019-12-01,61682.35,4524.17
2020-01-01,47595.85,3570.09
2020-02-01,47502.23,3878.24
2020-03-01,37602.65,3156.52
2020-04-01,42988.24,3378.39
2020-05-01,43607.26,3416.74
2020-06-01,,4151.92
2020-07-01,67269.18,5661.32
2020-08-01,68351.95,4902.93
2020-09-01,63611.12,5048.6
2020-10-01,63051.46,5061.92
2020-11-01,,4936.16
2020-12-01,69864.23,5734.37
2021-01-01,54129.28,3958.82
2021-02-01,55504.5,4871.99
2021-03-01,54750.29,4464.45
2021-04-01,66094.45,5334.78
2021-05-01,74193.78,5584.7
2021-06-01,79943.35,6319.61
2021-07-01,246369.728,4928.78
2021-08-01,79535.75,5642.96
2021-09-01,74151.43,6147.36
2021-10-01,69138.34,4353.74
2021-11-01,84930.38,7369.65
2021-12-01,74913.8,4946.65
2022-01-01,60109.7,5172.67
2022-02-01,64717.96,4739.69
2022-03-01,66390.14,5724.95
2022-04-01,75013.33,6079.65
2022-05-01,83206.03,5633.49
2022-06-01,88824.59,7993.61
2022-07-01,86744.31,7940.02
2022-08-01,90375.62,7182.47
2022-09-01,90330.63,7028.51
2022-10-01,74345.55,5852.56
2022-11-01,93390.64,6742.69
2022-12-01,86123.71,7646.81
2023-01-01,64875.53,4908.28
2023-02-01,74619.27,5938.98
2023-03-01,77364.07,5698.14
2023-04-01,79161.17,5936.41
2023-05-01,91614.26,6392.68
2023-06-01,99866.18,8993.6
2023-07-01,99659.72,7849.93
2023-08-01,101824.63,8932.81
2023-09-01,93925.43,7524.05
2023-10-01,89373.36,6653.38
2023-11-01,104803.36,8110.37
2023-12-01,91473.71,6907.93
2024-01-01,73573.0,5890.52
2024-02-01,237672.064,5718.83
2024-03-01,82591.32,6409.14
2024-04-01,,5975.06
2024-05-01,97530.41,7172.9
2024-06-01,105793.53,9863.39
2024-07-01,113562.97,8475.22
2024-08-01,113086.45,8093.29
2024-09-01,97242.11,8041.79
2024-10-01,91835.13,8380.71
2024-11-01,110707.42,7568.82
2024-12-01,94160.55,7375.77
2025-01-01,77905.42,5838.51
2025-02-01,81938.94,5400.75
2025-03-01,93759.6,8052.02
2025-04-01,101473.15,8098.82
2025-05-01,106927.91,8615.35
2025-06-01,113941.27,8429.55
2025-07-01,117636.81,9838.94
2025-08-01,124288.09,9406.82
2025-09-01,109276.49,8617.19
2025-10-01,101403.09,7213.2
2025-11-01,118375.29,8318.37
2025-12-01,110080.44,9982.56
2026-01-01,85095.14,6462.39
2026-02-01,84884.06,6988.8
2026-03-01,96324.59,7679.93
2026-04-01,,8003.4
2026-05-01,122298.39,9286.89
2026-06-01,127918.77,10878.3
2026-07-01,127906.36,9923.62
2026-08-01,129537.85,10206.09
2026-09-01,118054.95,9465.38
